{
    "loss": 0.06422359121145962,
    "accuracy": 0.9784172661870504
}