{
    "loss": 0.057063974654503004,
    "accuracy": 0.9712230215827338
}